File,Category,Links,Link_Rating,Depth_KB,Depth_Rating,Structure_Score,Structure_Rating,Meta_Score,Meta_Rating,Weakness_Count,Weak_Dimensions,Has_ArticleBody,Has_PageHero,Has_GraceWarning,Has_NavJS,Has_GlobalCSS,Has_Description,Has_OgTitle,Has_Canonical
for-hurting.html,for,14,STRONG,20,DEEP,3,PARTIAL,2,PARTIAL,2,structure; meta,False,False,True,True,True,True,True,False
objection-author-of-sin.html,objection,7,WEAK,45,DEEP,4,PARTIAL,3,GOOD,2,links; structure,False,True,True,True,True,True,True,True
devotional-never-gives-up.html,devotional,6,WEAK,28,DEEP,4,PARTIAL,3,GOOD,2,links; structure,False,True,True,True,True,True,True,True
ot-joseph.html,ot,6,WEAK,46,DEEP,4,PARTIAL,3,GOOD,2,links; structure,False,True,True,True,True,True,True,True
philosophy-phantom-limb-free-will.html,philosophy,6,WEAK,33,DEEP,4,PARTIAL,3,GOOD,2,links; structure,False,True,True,True,True,True,True,True
story-the-dead-city.html,story,6,WEAK,35,DEEP,4,PARTIAL,3,GOOD,2,links; structure,False,True,True,True,True,True,True,True
demolition-1john2-2.html,demolition,5,WEAK,50,DEEP,4,PARTIAL,3,GOOD,2,links; structure,False,True,True,True,True,True,True,True
secular-ai-determinism.html,secular,5,WEAK,24,DEEP,4,PARTIAL,3,GOOD,2,links; structure,False,True,True,True,True,True,True,True
philosophy-mirror-you-refuse.html,philosophy,3,WEAK,27,DEEP,4,PARTIAL,3,GOOD,2,links; structure,False,True,True,True,True,True,True,True
philosophy-problem-of-merit.html,philosophy,3,WEAK,30,DEEP,4,PARTIAL,3,GOOD,2,links; structure,False,True,True,True,True,True,True,True
devotional-forever-loved.html,devotional,2,WEAK,34,DEEP,4,PARTIAL,3,GOOD,2,links; structure,False,True,True,True,True,True,True,True
psychology-sincerity-trap.html,psychology,2,WEAK,25,DEEP,4,PARTIAL,3,GOOD,2,links; structure,False,True,True,True,True,True,True,True
psychology-why-this-objection-proves-our-point.html,psychology,2,WEAK,24,DEEP,4,PARTIAL,3,GOOD,2,links; structure,False,True,True,True,True,True,True,True
devotional-adoption-papers.html,devotional,1,WEAK,28,DEEP,4,PARTIAL,3,GOOD,2,links; structure,False,True,True,True,True,True,True,True
philosophy-exclusive-love.html,philosophy,1,WEAK,26,DEEP,4,PARTIAL,3,GOOD,2,links; structure,False,True,True,True,True,True,True,True
story-the-person-who-chose-god.html,story,1,WEAK,24,DEEP,4,PARTIAL,3,GOOD,2,links; structure,False,True,True,True,True,True,True,True
analogy-adoption.html,analogy,0,WEAK,36,DEEP,4,PARTIAL,3,GOOD,2,links; structure,False,True,True,True,True,True,True,True
analogy-chess-grandmaster.html,analogy,0,WEAK,43,DEEP,4,PARTIAL,3,GOOD,2,links; structure,False,True,True,True,True,True,True,True
analogy-doctor-corpse.html,analogy,0,WEAK,45,DEEP,4,PARTIAL,3,GOOD,2,links; structure,False,True,True,True,True,True,True,True
analogy-lazarus-grave.html,analogy,0,WEAK,42,DEEP,4,PARTIAL,3,GOOD,2,links; structure,False,True,True,True,True,True,True,True
analogy-light-switch.html,analogy,0,WEAK,39,DEEP,4,PARTIAL,3,GOOD,2,links; structure,False,True,True,True,True,True,True,True
analogy-river.html,analogy,0,WEAK,19,MODERATE,4,PARTIAL,3,GOOD,2,links; structure,False,True,True,True,True,True,True,True
anxious-mind-intrusive-thoughts.html,anxious,0,WEAK,25,DEEP,4,PARTIAL,3,GOOD,2,links; structure,False,True,True,True,True,True,True,True
anxious-mind-scrupulosity.html,anxious,0,WEAK,24,DEEP,4,PARTIAL,3,GOOD,2,links; structure,False,True,True,True,True,True,True,True
apologetic-babies.html,apologetic,0,WEAK,47,DEEP,4,PARTIAL,3,GOOD,2,links; structure,False,True,True,True,True,True,True,True
apologetic-perseverance.html,apologetic,0,WEAK,27,DEEP,4,PARTIAL,3,GOOD,2,links; structure,False,True,True,True,True,True,True,True
apologetic-unreached.html,apologetic,0,WEAK,26,DEEP,4,PARTIAL,3,GOOD,2,links; structure,False,True,True,True,True,True,True,True
broken-mirror-grace-too-good.html,broken,0,WEAK,29,DEEP,4,PARTIAL,3,GOOD,2,links; structure,False,True,True,True,True,True,True,True
compare-calvinism-arminianism.html,compare,0,WEAK,74,DEEP,4,PARTIAL,3,GOOD,2,links; structure,False,True,True,True,True,True,True,True
compare-calvinism-catholic-soteriology.html,compare,0,WEAK,49,DEEP,4,PARTIAL,3,GOOD,2,links; structure,False,True,True,True,True,True,True,True
compare-calvinism-molinism.html,compare,0,WEAK,35,DEEP,4,PARTIAL,3,GOOD,2,links; structure,False,True,True,True,True,True,True,True
compare-calvinism-open-theism.html,compare,0,WEAK,48,DEEP,4,PARTIAL,3,GOOD,2,links; structure,False,True,True,True,True,True,True,True
compare-monergism-synergism.html,compare,0,WEAK,34,DEEP,4,PARTIAL,3,GOOD,2,links; structure,False,True,True,True,True,True,True,True
compare-predestination-foreknowledge.html,compare,0,WEAK,41,DEEP,4,PARTIAL,3,GOOD,2,links; structure,False,True,True,True,True,True,True,True
connections.html,connections,0,WEAK,109,DEEP,4,PARTIAL,3,GOOD,2,links; structure,False,True,True,True,True,True,True,True
counter-cs-lewis-free-will.html,counter,0,WEAK,46,DEEP,4,PARTIAL,3,GOOD,2,links; structure,False,True,True,True,True,True,True,True
creed-canons-dort.html,creed,0,WEAK,61,DEEP,4,PARTIAL,3,GOOD,2,links; structure,False,True,True,True,True,True,True,True
creed-heidelberg-catechism.html,creed,0,WEAK,44,DEEP,4,PARTIAL,3,GOOD,2,links; structure,False,True,True,True,True,True,True,True
debate-free-will.html,debate,0,WEAK,53,DEEP,4,PARTIAL,3,GOOD,2,links; structure,False,True,True,True,True,True,True,True
demolition-arianism.html,demolition,0,WEAK,29,DEEP,4,PARTIAL,3,GOOD,2,links; structure,False,True,True,True,True,True,True,True
demolition-arminian-facts.html,demolition,0,WEAK,36,DEEP,4,PARTIAL,3,GOOD,2,links; structure,False,True,True,True,True,True,True,True
demolition-ezekiel18-23.html,demolition,0,WEAK,48,DEEP,4,PARTIAL,3,GOOD,2,links; structure,False,True,True,True,True,True,True,True
demolition-john12-32.html,demolition,0,WEAK,30,DEEP,4,PARTIAL,3,GOOD,2,links; structure,False,True,True,True,True,True,True,True
demolition-joshua24-15.html,demolition,0,WEAK,41,DEEP,4,PARTIAL,3,GOOD,2,links; structure,False,True,True,True,True,True,True,True
demolition-matthew-23-37.html,demolition,0,WEAK,33,DEEP,4,PARTIAL,3,GOOD,2,links; structure,False,True,True,True,True,True,True,True
demolition-orthodox-predestination.html,demolition,0,WEAK,42,DEEP,4,PARTIAL,3,GOOD,2,links; structure,False,True,True,True,True,True,True,True
demolition-rev3-20.html,demolition,0,WEAK,43,DEEP,4,PARTIAL,3,GOOD,2,links; structure,False,True,True,True,True,True,True,True
devotional-cold-church.html,devotional,0,WEAK,23,DEEP,4,PARTIAL,3,GOOD,2,links; structure,False,True,True,True,True,True,True,True
devotional-in-christ.html,devotional,0,WEAK,25,DEEP,4,PARTIAL,3,GOOD,2,links; structure,False,True,True,True,True,True,True,True
devotional-love-letter-before-time.html,devotional,0,WEAK,24,DEEP,4,PARTIAL,3,GOOD,2,links; structure,False,True,True,True,True,True,True,True
devotional-my-chains-fell-away.html,devotional,0,WEAK,28,DEEP,4,PARTIAL,3,GOOD,2,links; structure,False,True,True,True,True,True,True,True
devotional-not-my-will-but-joy.html,devotional,0,WEAK,26,DEEP,4,PARTIAL,3,GOOD,2,links; structure,False,True,True,True,True,True,True,True
devotional-rescued-without-a-say.html,devotional,0,WEAK,31,DEEP,4,PARTIAL,3,GOOD,2,links; structure,False,True,True,True,True,True,True,True
devotional-the-god-who-wastes-nothing.html,devotional,0,WEAK,19,MODERATE,4,PARTIAL,3,GOOD,2,links; structure,False,True,True,True,True,True,True,True
devotional-the-prayer-you-didnt-pray.html,devotional,0,WEAK,19,MODERATE,4,PARTIAL,3,GOOD,2,links; structure,False,True,True,True,True,True,True,True
explore-map.html,explore,0,WEAK,49,DEEP,4,PARTIAL,3,GOOD,2,links; structure,False,True,True,True,True,True,True,True
freedom.html,freedom,0,WEAK,33,DEEP,4,PARTIAL,3,GOOD,2,links; structure,False,True,True,True,True,True,True,True
history-20th-century.html,history,0,WEAK,35,DEEP,4,PARTIAL,3,GOOD,2,links; structure,False,True,True,True,True,True,True,True
history-apostolic.html,history,0,WEAK,27,DEEP,4,PARTIAL,3,GOOD,2,links; structure,False,True,True,True,True,True,True,True
history-augustine-pelagius.html,history,0,WEAK,45,DEEP,4,PARTIAL,3,GOOD,2,links; structure,False,True,True,True,True,True,True,True
history-calvin-geneva.html,history,0,WEAK,31,DEEP,4,PARTIAL,3,GOOD,2,links; structure,False,True,True,True,True,True,True,True
history-confessions-story.html,history,0,WEAK,34,DEEP,4,PARTIAL,3,GOOD,2,links; structure,False,True,True,True,True,True,True,True
history-dort.html,history,0,WEAK,56,DEEP,4,PARTIAL,3,GOOD,2,links; structure,False,True,True,True,True,True,True,True
history-golden-thread.html,history,0,WEAK,41,DEEP,4,PARTIAL,3,GOOD,2,links; structure,False,True,True,True,True,True,True,True
history-great-awakening.html,history,0,WEAK,49,DEEP,4,PARTIAL,3,GOOD,2,links; structure,False,True,True,True,True,True,True,True
history-luther.html,history,0,WEAK,28,DEEP,4,PARTIAL,3,GOOD,2,links; structure,False,True,True,True,True,True,True,True
history-medieval.html,history,0,WEAK,27,DEEP,4,PARTIAL,3,GOOD,2,links; structure,False,True,True,True,True,True,True,True
history-puritans.html,history,0,WEAK,38,DEEP,4,PARTIAL,3,GOOD,2,links; structure,False,True,True,True,True,True,True,True
history-spurgeon-downgrade.html,history,0,WEAK,49,DEEP,4,PARTIAL,3,GOOD,2,links; structure,False,True,True,True,True,True,True,True
history-today.html,history,0,WEAK,33,DEEP,4,PARTIAL,3,GOOD,2,links; structure,False,True,True,True,True,True,True,True
invisible-wall-singing-alone.html,invisible,0,WEAK,25,DEEP,4,PARTIAL,3,GOOD,2,links; structure,False,True,True,True,True,True,True,True
objection-desire.html,objection,0,WEAK,41,DEEP,4,PARTIAL,3,GOOD,2,links; structure,False,True,True,True,True,True,True,True
objection-love.html,objection,0,WEAK,36,DEEP,4,PARTIAL,3,GOOD,2,links; structure,False,True,True,True,True,True,True,True
objection-responsibility.html,objection,0,WEAK,43,DEEP,4,PARTIAL,3,GOOD,2,links; structure,False,True,True,True,True,True,True,True
open-wound-betrayed-by-church.html,open,0,WEAK,23,DEEP,4,PARTIAL,3,GOOD,2,links; structure,False,True,True,True,True,True,True,True
open-wound-empty-nursery.html,open,0,WEAK,25,DEEP,4,PARTIAL,3,GOOD,2,links; structure,False,True,True,True,True,True,True,True
open-wound-hospital-room.html,open,0,WEAK,20,DEEP,4,PARTIAL,3,GOOD,2,links; structure,False,True,True,True,True,True,True,True
open-wound-miscarriage.html,open,0,WEAK,22,DEEP,4,PARTIAL,3,GOOD,2,links; structure,False,True,True,True,True,True,True,True
open-wound-sovereignty-in-grief.html,open,0,WEAK,26,DEEP,4,PARTIAL,3,GOOD,2,links; structure,False,True,True,True,True,True,True,True
ot-election.html,ot,0,WEAK,28,DEEP,4,PARTIAL,3,GOOD,2,links; structure,False,True,True,True,True,True,True,True
ot-isaiah-servant.html,ot,0,WEAK,41,DEEP,4,PARTIAL,3,GOOD,2,links; structure,False,True,True,True,True,True,True,True
ot-job.html,ot,0,WEAK,43,DEEP,4,PARTIAL,3,GOOD,2,links; structure,False,True,True,True,True,True,True,True
ot-prophets-remnant.html,ot,0,WEAK,37,DEEP,4,PARTIAL,3,GOOD,2,links; structure,False,True,True,True,True,True,True,True
pastoral-evangelism.html,pastoral,0,WEAK,36,DEEP,4,PARTIAL,3,GOOD,2,links; structure,False,True,True,True,True,True,True,True
pastoral-prayer.html,pastoral,0,WEAK,31,DEEP,4,PARTIAL,3,GOOD,2,links; structure,False,True,True,True,True,True,True,True
pastoral-suffering.html,pastoral,0,WEAK,33,DEEP,4,PARTIAL,3,GOOD,2,links; structure,False,True,True,True,True,True,True,True
philosophy-munchhausen-trilemma.html,philosophy,0,WEAK,24,DEEP,4,PARTIAL,3,GOOD,2,links; structure,False,True,True,True,True,True,True,True
privacy.html,privacy,0,WEAK,12,MODERATE,4,PARTIAL,3,GOOD,2,links; structure,False,True,True,True,True,True,True,True
psalms-election.html,psalms,0,WEAK,28,DEEP,4,PARTIAL,3,GOOD,2,links; structure,False,True,True,True,True,True,True,True
psychology-addiction-proof.html,psychology,0,WEAK,25,DEEP,4,PARTIAL,3,GOOD,2,links; structure,False,True,True,True,True,True,True,True
psychology-attribution-error.html,psychology,0,WEAK,34,DEEP,4,PARTIAL,3,GOOD,2,links; structure,False,True,True,True,True,True,True,True
psychology-autonomy-illusion.html,psychology,0,WEAK,51,DEEP,4,PARTIAL,3,GOOD,2,links; structure,False,True,True,True,True,True,True,True
psychology-backfire-effect.html,psychology,0,WEAK,21,DEEP,4,PARTIAL,3,GOOD,2,links; structure,False,True,True,True,True,True,True,True
psychology-fear-control.html,psychology,0,WEAK,29,DEEP,4,PARTIAL,3,GOOD,2,links; structure,False,True,True,True,True,True,True,True
psychology-groupthink.html,psychology,0,WEAK,47,DEEP,4,PARTIAL,3,GOOD,2,links; structure,False,True,True,True,True,True,True,True
psychology-identity-threat.html,psychology,0,WEAK,21,DEEP,4,PARTIAL,3,GOOD,2,links; structure,False,True,True,True,True,True,True,True
psychology-illusion-free-will.html,psychology,0,WEAK,33,DEEP,4,PARTIAL,3,GOOD,2,links; structure,False,True,True,True,True,True,True,True
psychology-reactance-theory.html,psychology,0,WEAK,25,DEEP,4,PARTIAL,3,GOOD,2,links; structure,False,True,True,True,True,True,True,True
psychology-stockholm-syndrome-sin.html,psychology,0,WEAK,28,DEEP,4,PARTIAL,3,GOOD,2,links; structure,False,True,True,True,True,True,True,True
psychology-sunk-cost-faith.html,psychology,0,WEAK,22,DEEP,4,PARTIAL,3,GOOD,2,links; structure,False,True,True,True,True,True,True,True
psychology-system-justification.html,psychology,0,WEAK,29,DEEP,4,PARTIAL,3,GOOD,2,links; structure,False,True,True,True,True,True,True,True
psychology-why-we-resist.html,psychology,0,WEAK,63,DEEP,4,PARTIAL,3,GOOD,2,links; structure,False,True,True,True,True,True,True,True
question-1peter1.html,question,0,WEAK,63,DEEP,4,PARTIAL,3,GOOD,2,links; structure,False,True,True,True,True,True,True,True
question-acts.html,question,0,WEAK,45,DEEP,4,PARTIAL,3,GOOD,2,links; structure,False,True,True,True,True,True,True,True
question-acts4.html,question,0,WEAK,50,DEEP,4,PARTIAL,3,GOOD,2,links; structure,False,True,True,True,True,True,True,True
question-boasting.html,question,0,WEAK,54,DEEP,4,PARTIAL,3,GOOD,2,links; structure,False,True,True,True,True,True,True,True
question-chosen.html,question,0,WEAK,43,DEEP,4,PARTIAL,3,GOOD,2,links; structure,False,True,True,True,True,True,True,True
question-dead-bury-dead.html,question,0,WEAK,30,DEEP,4,PARTIAL,3,GOOD,2,links; structure,False,True,True,True,True,True,True,True
question-depravity.html,question,0,WEAK,64,DEEP,4,PARTIAL,3,GOOD,2,links; structure,False,True,True,True,True,True,True,True
question-external-call.html,question,0,WEAK,31,DEEP,4,PARTIAL,3,GOOD,2,links; structure,False,True,True,True,True,True,True,True
question-external-internal-call.html,question,0,WEAK,33,DEEP,4,PARTIAL,3,GOOD,2,links; structure,False,True,True,True,True,True,True,True
question-faithgift.html,question,0,WEAK,46,DEEP,4,PARTIAL,3,GOOD,2,links; structure,False,True,True,True,True,True,True,True
question-foreknowledge.html,question,0,WEAK,40,DEEP,4,PARTIAL,3,GOOD,2,links; structure,False,True,True,True,True,True,True,True
question-freewill.html,question,0,WEAK,46,DEEP,4,PARTIAL,3,GOOD,2,links; structure,False,True,True,True,True,True,True,True
question-godwants.html,question,0,WEAK,40,DEEP,4,PARTIAL,3,GOOD,2,links; structure,False,True,True,True,True,True,True,True
question-goldchain.html,question,0,WEAK,42,DEEP,4,PARTIAL,3,GOOD,2,links; structure,False,True,True,True,True,True,True,True
question-hardening.html,question,0,WEAK,31,DEEP,4,PARTIAL,3,GOOD,2,links; structure,False,True,True,True,True,True,True,True
question-irresistible.html,question,0,WEAK,70,DEEP,4,PARTIAL,3,GOOD,2,links; structure,False,True,True,True,True,True,True,True
question-john10.html,question,0,WEAK,41,DEEP,4,PARTIAL,3,GOOD,2,links; structure,False,True,True,True,True,True,True,True
question-john15.html,question,0,WEAK,43,DEEP,4,PARTIAL,3,GOOD,2,links; structure,False,True,True,True,True,True,True,True
question-john6.html,question,0,WEAK,39,DEEP,4,PARTIAL,3,GOOD,2,links; structure,False,True,True,True,True,True,True,True
question-matt11.html,question,0,WEAK,45,DEEP,4,PARTIAL,3,GOOD,2,links; structure,False,True,True,True,True,True,True,True
question-newheart.html,question,0,WEAK,38,DEEP,4,PARTIAL,3,GOOD,2,links; structure,False,True,True,True,True,True,True,True
question-parables.html,question,0,WEAK,43,DEEP,4,PARTIAL,3,GOOD,2,links; structure,False,True,True,True,True,True,True,True
question-perseverance.html,question,0,WEAK,64,DEEP,4,PARTIAL,3,GOOD,2,links; structure,False,True,True,True,True,True,True,True
question-revelation13.html,question,0,WEAK,42,DEEP,4,PARTIAL,3,GOOD,2,links; structure,False,True,True,True,True,True,True,True
question-romans9.html,question,0,WEAK,49,DEEP,4,PARTIAL,3,GOOD,2,links; structure,False,True,True,True,True,True,True,True
question-sealed.html,question,0,WEAK,45,DEEP,4,PARTIAL,3,GOOD,2,links; structure,False,True,True,True,True,True,True,True
question-secure.html,question,0,WEAK,34,DEEP,4,PARTIAL,3,GOOD,2,links; structure,False,True,True,True,True,True,True,True
question-sovereignty-logic.html,question,0,WEAK,29,DEEP,4,PARTIAL,3,GOOD,2,links; structure,False,True,True,True,True,True,True,True
question-unfair.html,question,0,WEAK,44,DEEP,4,PARTIAL,3,GOOD,2,links; structure,False,True,True,True,True,True,True,True
question-whosoever.html,question,0,WEAK,38,DEEP,4,PARTIAL,3,GOOD,2,links; structure,False,True,True,True,True,True,True,True
quiz.html,quiz,0,WEAK,71,DEEP,4,PARTIAL,3,GOOD,2,links; structure,False,True,True,True,True,True,True,True
resistance-last-idol.html,resistance,0,WEAK,46,DEEP,4,PARTIAL,3,GOOD,2,links; structure,False,True,True,True,True,True,True,True
resistance-redefining-grace.html,resistance,0,WEAK,27,DEEP,4,PARTIAL,3,GOOD,2,links; structure,False,True,True,True,True,True,True,True
scripture-tsunami.html,scripture,0,WEAK,263,DEEP,3,PARTIAL,3,GOOD,2,links; structure,False,False,True,True,True,True,True,True
search.html,search,0,WEAK,25,DEEP,3,PARTIAL,3,GOOD,2,links; structure,False,False,True,True,True,True,True,True
secular-algorithm-sovereignty.html,secular,0,WEAK,39,DEEP,4,PARTIAL,3,GOOD,2,links; structure,False,True,True,True,True,True,True,True
secular-art-literature-reformed-truth.html,secular,0,WEAK,41,DEEP,4,PARTIAL,3,GOOD,2,links; structure,False,True,True,True,True,True,True,True
secular-billion-decisions.html,secular,0,WEAK,31,DEEP,4,PARTIAL,3,GOOD,2,links; structure,False,True,True,True,True,True,True,True
secular-economics-depravity.html,secular,0,WEAK,34,DEEP,4,PARTIAL,3,GOOD,2,links; structure,False,True,True,True,True,True,True,True
secular-genetics-sovereignty.html,secular,0,WEAK,34,DEEP,4,PARTIAL,3,GOOD,2,links; structure,False,True,True,True,True,True,True,True
secular-hard-problem-consciousness.html,secular,0,WEAK,27,DEEP,4,PARTIAL,3,GOOD,2,links; structure,False,True,True,True,True,True,True,True
secular-history-sovereignty.html,secular,0,WEAK,30,DEEP,4,PARTIAL,3,GOOD,2,links; structure,False,True,True,True,True,True,True,True
secular-neuroscience-human-inability.html,secular,0,WEAK,31,DEEP,4,PARTIAL,3,GOOD,2,links; structure,False,True,True,True,True,True,True,True
secular-philosophy-free-will.html,secular,0,WEAK,56,DEEP,4,PARTIAL,3,GOOD,2,links; structure,False,True,True,True,True,True,True,True
secular-psychology-bondage-of-will.html,secular,0,WEAK,47,DEEP,4,PARTIAL,3,GOOD,2,links; structure,False,True,True,True,True,True,True,True
secular-sociology-human-inability.html,secular,0,WEAK,52,DEEP,4,PARTIAL,3,GOOD,2,links; structure,False,True,True,True,True,True,True,True
shattered-lens-cant-unsee-it.html,shattered,0,WEAK,21,DEEP,4,PARTIAL,3,GOOD,2,links; structure,False,True,True,True,True,True,True,True
shattered-lens-pastor.html,shattered,0,WEAK,24,DEEP,4,PARTIAL,3,GOOD,2,links; structure,False,True,True,True,True,True,True,True
shattered-lens-silence-of-god.html,shattered,0,WEAK,25,DEEP,4,PARTIAL,3,GOOD,2,links; structure,False,True,True,True,True,True,True,True
start-here.html,start,0,WEAK,19,MODERATE,3,PARTIAL,3,GOOD,2,links; structure,False,False,True,True,True,True,True,True
story-the-garden-that-grew-itself.html,story,0,WEAK,25,DEEP,4,PARTIAL,3,GOOD,2,links; structure,False,True,True,True,True,True,True,True
story-the-letter-before-the-world.html,story,0,WEAK,24,DEEP,4,PARTIAL,3,GOOD,2,links; structure,False,True,True,True,True,True,True,True
story-the-room-where-you-chose.html,story,0,WEAK,23,DEEP,4,PARTIAL,3,GOOD,2,links; structure,False,True,True,True,True,True,True,True
story-the-self-made-man.html,story,0,WEAK,25,DEEP,4,PARTIAL,3,GOOD,2,links; structure,False,True,True,True,True,True,True,True
systematic-anthropology.html,systematic,0,WEAK,62,DEEP,4,PARTIAL,3,GOOD,2,links; structure,False,True,True,True,True,True,True,True
systematic-atonement.html,systematic,0,WEAK,47,DEEP,4,PARTIAL,3,GOOD,2,links; structure,False,True,True,True,True,True,True,True
systematic-bibliology.html,systematic,0,WEAK,34,DEEP,4,PARTIAL,3,GOOD,2,links; structure,False,True,True,True,True,True,True,True
systematic-christology.html,systematic,0,WEAK,73,DEEP,4,PARTIAL,3,GOOD,2,links; structure,False,True,True,True,True,True,True,True
systematic-compatibilism.html,systematic,0,WEAK,71,DEEP,4,PARTIAL,3,GOOD,2,links; structure,False,True,True,True,True,True,True,True
systematic-covenant-theology.html,systematic,0,WEAK,68,DEEP,4,PARTIAL,3,GOOD,2,links; structure,False,True,True,True,True,True,True,True
systematic-divine-decrees.html,systematic,0,WEAK,66,DEEP,4,PARTIAL,3,GOOD,2,links; structure,False,True,True,True,True,True,True,True
systematic-ecclesiology.html,systematic,0,WEAK,55,DEEP,4,PARTIAL,3,GOOD,2,links; structure,False,True,True,True,True,True,True,True
systematic-election.html,systematic,0,WEAK,34,DEEP,4,PARTIAL,3,GOOD,2,links; structure,False,True,True,True,True,True,True,True
systematic-hamartiology.html,systematic,0,WEAK,73,DEEP,4,PARTIAL,3,GOOD,2,links; structure,False,True,True,True,True,True,True,True
systematic-justification.html,systematic,0,WEAK,51,DEEP,4,PARTIAL,3,GOOD,2,links; structure,False,True,True,True,True,True,True,True
systematic-ordo-salutis.html,systematic,0,WEAK,72,DEEP,4,PARTIAL,3,GOOD,2,links; structure,False,True,True,True,True,True,True,True
systematic-pneumatology.html,systematic,0,WEAK,55,DEEP,4,PARTIAL,3,GOOD,2,links; structure,False,True,True,True,True,True,True,True
systematic-prolegomena.html,systematic,0,WEAK,52,DEEP,4,PARTIAL,3,GOOD,2,links; structure,False,True,True,True,True,True,True,True
systematic-regeneration.html,systematic,0,WEAK,34,DEEP,4,PARTIAL,3,GOOD,2,links; structure,False,True,True,True,True,True,True,True
systematic-resurrection.html,systematic,0,WEAK,34,DEEP,4,PARTIAL,3,GOOD,2,links; structure,False,True,True,True,True,True,True,True
systematic-salvation.html,systematic,0,WEAK,30,DEEP,4,PARTIAL,3,GOOD,2,links; structure,False,True,True,True,True,True,True,True
systematic-soteriology.html,systematic,0,WEAK,45,DEEP,4,PARTIAL,3,GOOD,2,links; structure,False,True,True,True,True,True,True,True
systematic-theology-proper.html,systematic,0,WEAK,57,DEEP,4,PARTIAL,3,GOOD,2,links; structure,False,True,True,True,True,True,True,True
systematic-trinity.html,systematic,0,WEAK,33,DEEP,4,PARTIAL,3,GOOD,2,links; structure,False,True,True,True,True,True,True,True
terms.html,terms,0,WEAK,13,MODERATE,3,PARTIAL,3,GOOD,2,links; structure,False,False,True,True,True,True,True,True
theologian-arminius.html,theologian,0,WEAK,27,DEEP,4,PARTIAL,3,GOOD,2,links; structure,False,True,True,True,True,True,True,True
theologian-augustine.html,theologian,0,WEAK,57,DEEP,4,PARTIAL,3,GOOD,2,links; structure,False,True,True,True,True,True,True,True
theologian-calvin.html,theologian,0,WEAK,45,DEEP,4,PARTIAL,3,GOOD,2,links; structure,False,True,True,True,True,True,True,True
theologian-edwards.html,theologian,0,WEAK,43,DEEP,4,PARTIAL,3,GOOD,2,links; structure,False,True,True,True,True,True,True,True
theologian-luther.html,theologian,0,WEAK,55,DEEP,4,PARTIAL,3,GOOD,2,links; structure,False,True,True,True,True,True,True,True
theologian-owen.html,theologian,0,WEAK,37,DEEP,4,PARTIAL,3,GOOD,2,links; structure,False,True,True,True,True,True,True,True
theologian-spurgeon.html,theologian,0,WEAK,44,DEEP,4,PARTIAL,3,GOOD,2,links; structure,False,True,True,True,True,True,True,True
demolition-faith-is-not-a-gift.html,demolition,34,STRONG,39,DEEP,4,PARTIAL,3,GOOD,1,structure,False,True,True,True,True,True,True,True
objection-why-command.html,objection,31,STRONG,52,DEEP,4,PARTIAL,3,GOOD,1,structure,False,True,True,True,True,True,True,True
history-council-of-orange.html,history,27,STRONG,32,DEEP,4,PARTIAL,3,GOOD,1,structure,False,True,True,True,True,True,True,True
scripture-tsunami-faith-as-gift.html,scripture,26,STRONG,39,DEEP,3,PARTIAL,3,GOOD,1,structure,False,False,True,True,True,True,True,True
question-is-salvation-my-choice-or-gods.html,question,25,STRONG,32,DEEP,4,PARTIAL,3,GOOD,1,structure,False,True,True,True,True,True,True,True
philosophy-self-deception.html,philosophy,18,STRONG,36,DEEP,4,PARTIAL,3,GOOD,1,structure,False,True,True,True,True,True,True,True
question-where-did-your-faith-come-from.html,question,18,STRONG,33,DEEP,4,PARTIAL,3,GOOD,1,structure,False,True,True,True,True,True,True,True
question-2tim1-9.html,question,16,STRONG,51,DEEP,4,PARTIAL,3,GOOD,1,structure,False,True,True,True,True,True,True,True
romans-9-1-24.html,romans,16,STRONG,39,DEEP,3,PARTIAL,3,GOOD,1,structure,False,False,True,True,True,True,True,True
question-titus3.html,question,15,STRONG,47,DEEP,4,PARTIAL,3,GOOD,1,structure,False,True,True,True,True,True,True,True
philosophy-resistance-is-proof.html,philosophy,13,STRONG,27,DEEP,4,PARTIAL,3,GOOD,1,structure,False,True,True,True,True,True,True,True
broken-mirror-vessels-for-mercy.html,broken,11,OK,25,DEEP,4,PARTIAL,3,GOOD,1,structure,False,True,True,True,True,True,True,True
philosophy-marriage-election.html,philosophy,11,OK,26,DEEP,4,PARTIAL,3,GOOD,1,structure,False,True,True,True,True,True,True,True
question-where-does-your-no-come-from.html,question,10,OK,26,DEEP,4,PARTIAL,3,GOOD,1,structure,False,True,True,True,True,True,True,True
devotional-glory-of-divine-choice.html,devotional,8,OK,18,MODERATE,4,PARTIAL,3,GOOD,1,structure,False,True,True,True,True,True,True,True
for-deconstructed.html,for,8,OK,21,DEEP,3,PARTIAL,3,GOOD,1,structure,False,False,True,True,True,True,True,True
hymn-amazing-grace.html,hymn,8,OK,33,DEEP,3,PARTIAL,3,GOOD,1,structure,False,False,True,True,True,True,True,True
demolition-acts17-30.html,demolition,7,WEAK,31,DEEP,5,COMPLIANT,3,GOOD,1,links,True,True,True,True,True,True,True,True
demolition-2cor5-14-15.html,demolition,6,WEAK,27,DEEP,5,COMPLIANT,3,GOOD,1,links,True,True,True,True,True,True,True,True
question-john17.html,question,5,WEAK,29,DEEP,5,COMPLIANT,3,GOOD,1,links,True,True,True,True,True,True,True,True
ot-jeremiah.html,ot,4,WEAK,43,DEEP,5,COMPLIANT,3,GOOD,1,links,True,True,True,True,True,True,True,True
analogy-drowning-man.html,analogy,3,WEAK,25,DEEP,5,COMPLIANT,3,GOOD,1,links,True,True,True,True,True,True,True,True
demolition-steel-man-arminianism.html,demolition,3,WEAK,60,DEEP,5,COMPLIANT,3,GOOD,1,links,True,True,True,True,True,True,True,True
psychology-cost-of-rejecting-grace.html,psychology,3,WEAK,28,DEEP,5,COMPLIANT,3,GOOD,1,links,True,True,True,True,True,True,True,True
psychology-pride-root-objection.html,psychology,3,WEAK,37,DEEP,5,COMPLIANT,3,GOOD,1,links,True,True,True,True,True,True,True,True
story-dark-the-woman-who-earned-her-seat.html,story,2,WEAK,34,DEEP,5,COMPLIANT,3,GOOD,1,links,True,True,True,True,True,True,True,True
story-the-fish-who-chose-the-ocean.html,story,2,WEAK,33,DEEP,5,COMPLIANT,3,GOOD,1,links,True,True,True,True,True,True,True,True
philosophy-sleep-surrender.html,philosophy,1,WEAK,26,DEEP,5,COMPLIANT,3,GOOD,1,links,True,True,True,True,True,True,True,True
analogy-orchestra.html,analogy,0,WEAK,20,DEEP,5,COMPLIANT,3,GOOD,1,links,True,True,True,True,True,True,True,True
anxious-mind-what-if-not-chosen.html,anxious,0,WEAK,25,DEEP,5,COMPLIANT,3,GOOD,1,links,True,True,True,True,True,True,True,True
broken-mirror-not-self-made.html,broken,0,WEAK,22,DEEP,5,COMPLIANT,3,GOOD,1,links,True,True,True,True,True,True,True,True
broken-mirror-sin-you-repeat.html,broken,0,WEAK,30,DEEP,5,COMPLIANT,3,GOOD,1,links,True,True,True,True,True,True,True,True
compare-every-decision-point.html,compare,0,WEAK,37,DEEP,5,COMPLIANT,3,GOOD,1,links,True,True,True,True,True,True,True,True
contact.html,contact,0,WEAK,10,MODERATE,5,COMPLIANT,3,GOOD,1,links,True,True,True,True,True,True,True,True
demolition-1tim4-10.html,demolition,0,WEAK,32,DEEP,5,COMPLIANT,3,GOOD,1,links,True,True,True,True,True,True,True,True
demolition-hebrews2-9.html,demolition,0,WEAK,25,DEEP,5,COMPLIANT,3,GOOD,1,links,True,True,True,True,True,True,True,True
demolition-philippians2-12-13.html,demolition,0,WEAK,28,DEEP,5,COMPLIANT,3,GOOD,1,links,True,True,True,True,True,True,True,True
demolition-titus2-11.html,demolition,0,WEAK,32,DEEP,5,COMPLIANT,3,GOOD,1,links,True,True,True,True,True,True,True,True
devotional-the-hands-that-hold-you.html,devotional,0,WEAK,18,MODERATE,5,COMPLIANT,3,GOOD,1,links,True,True,True,True,True,True,True,True
devotional-valley-shadow.html,devotional,0,WEAK,21,DEEP,5,COMPLIANT,3,GOOD,1,links,True,True,True,True,True,True,True,True
donate.html,donate,0,WEAK,11,MODERATE,5,COMPLIANT,3,GOOD,1,links,True,True,True,True,True,True,True,True
invisible-wall-family.html,invisible,0,WEAK,26,DEEP,5,COMPLIANT,3,GOOD,1,links,True,True,True,True,True,True,True,True
invisible-wall-friend-who-left.html,invisible,0,WEAK,26,DEEP,5,COMPLIANT,3,GOOD,1,links,True,True,True,True,True,True,True,True
invisible-wall-lonely-theological.html,invisible,0,WEAK,26,DEEP,5,COMPLIANT,3,GOOD,1,links,True,True,True,True,True,True,True,True
objection-babies.html,objection,0,WEAK,31,DEEP,5,COMPLIANT,3,GOOD,1,links,True,True,True,True,True,True,True,True
objection-effort.html,objection,0,WEAK,32,DEEP,5,COMPLIANT,3,GOOD,1,links,True,True,True,True,True,True,True,True
objection-evangelism-pointless.html,objection,0,WEAK,32,DEEP,5,COMPLIANT,3,GOOD,1,links,True,True,True,True,True,True,True,True
objection-faith-choice.html,objection,0,WEAK,45,DEEP,5,COMPLIANT,3,GOOD,1,links,True,True,True,True,True,True,True,True
objection-god-could-save-all.html,objection,0,WEAK,24,DEEP,5,COMPLIANT,3,GOOD,1,links,True,True,True,True,True,True,True,True
objection-manipulation.html,objection,0,WEAK,42,DEEP,5,COMPLIANT,3,GOOD,1,links,True,True,True,True,True,True,True,True
objection-robots.html,objection,0,WEAK,35,DEEP,5,COMPLIANT,3,GOOD,1,links,True,True,True,True,True,True,True,True
objection-unfair-to-choose-some.html,objection,0,WEAK,19,MODERATE,5,COMPLIANT,3,GOOD,1,links,True,True,True,True,True,True,True,True
objection-why-believe.html,objection,0,WEAK,32,DEEP,5,COMPLIANT,3,GOOD,1,links,True,True,True,True,True,True,True,True
objection-why-evangelize.html,objection,0,WEAK,20,DEEP,5,COMPLIANT,3,GOOD,1,links,True,True,True,True,True,True,True,True
objection-why-not-save-everyone.html,objection,0,WEAK,37,DEEP,5,COMPLIANT,3,GOOD,1,links,True,True,True,True,True,True,True,True
objection-why-pray.html,objection,0,WEAK,20,DEEP,5,COMPLIANT,3,GOOD,1,links,True,True,True,True,True,True,True,True
open-wound-senseless-death.html,open,0,WEAK,23,DEEP,5,COMPLIANT,3,GOOD,1,links,True,True,True,True,True,True,True,True
open-wound-terminal-diagnosis.html,open,0,WEAK,26,DEEP,5,COMPLIANT,3,GOOD,1,links,True,True,True,True,True,True,True,True
ot-jonah.html,ot,0,WEAK,49,DEEP,5,COMPLIANT,3,GOOD,1,links,True,True,True,True,True,True,True,True
ot-noah.html,ot,0,WEAK,44,DEEP,5,COMPLIANT,3,GOOD,1,links,True,True,True,True,True,True,True,True
pastoral-assurance.html,pastoral,0,WEAK,46,DEEP,5,COMPLIANT,3,GOOD,1,links,True,True,True,True,True,True,True,True
philosophy-copernican-revolution.html,philosophy,0,WEAK,27,DEEP,5,COMPLIANT,3,GOOD,1,links,True,True,True,True,True,True,True,True
psychology-cognitive-biases.html,psychology,0,WEAK,47,DEEP,5,COMPLIANT,3,GOOD,1,links,True,True,True,True,True,True,True,True
psychology-emotional-vs-rational.html,psychology,0,WEAK,28,DEEP,5,COMPLIANT,3,GOOD,1,links,True,True,True,True,True,True,True,True
psychology-hostility-reaction.html,psychology,0,WEAK,29,DEEP,5,COMPLIANT,3,GOOD,1,links,True,True,True,True,True,True,True,True
psychology-offense-of-grace.html,psychology,0,WEAK,55,DEEP,5,COMPLIANT,3,GOOD,1,links,True,True,True,True,True,True,True,True
psychology-suppressing-truth.html,psychology,0,WEAK,33,DEEP,5,COMPLIANT,3,GOOD,1,links,True,True,True,True,True,True,True,True
psychology-terror-management.html,psychology,0,WEAK,33,DEEP,5,COMPLIANT,3,GOOD,1,links,True,True,True,True,True,True,True,True
question-1john5-1.html,question,0,WEAK,39,DEEP,5,COMPLIANT,3,GOOD,1,links,True,True,True,True,True,True,True,True
question-how-grace-feels.html,question,0,WEAK,21,DEEP,5,COMPLIANT,3,GOOD,1,links,True,True,True,True,True,True,True,True
question-isaiah53.html,question,0,WEAK,46,DEEP,5,COMPLIANT,3,GOOD,1,links,True,True,True,True,True,True,True,True
question-predestined-to-hell.html,question,0,WEAK,32,DEEP,5,COMPLIANT,3,GOOD,1,links,True,True,True,True,True,True,True,True
question-whose-side-are-you-on.html,question,0,WEAK,30,DEEP,5,COMPLIANT,3,GOOD,1,links,True,True,True,True,True,True,True,True
question-why-does-god-choose-some-not-others.html,question,0,WEAK,27,DEEP,5,COMPLIANT,3,GOOD,1,links,True,True,True,True,True,True,True,True
shattered-lens-cant-tell-true.html,shattered,0,WEAK,22,DEEP,5,COMPLIANT,3,GOOD,1,links,True,True,True,True,True,True,True,True
shattered-lens-taught-wrong.html,shattered,0,WEAK,31,DEEP,5,COMPLIANT,3,GOOD,1,links,True,True,True,True,True,True,True,True
sitemap.html,sitemap,0,WEAK,11,MODERATE,5,COMPLIANT,3,GOOD,1,links,True,True,True,True,True,True,True,True
story-children-the-king-who-chose.html,story,0,WEAK,26,DEEP,5,COMPLIANT,3,GOOD,1,links,True,True,True,True,True,True,True,True
story-dark-the-altar-he-built-himself.html,story,0,WEAK,30,DEEP,5,COMPLIANT,3,GOOD,1,links,True,True,True,True,True,True,True,True
story-historical-luther-storm.html,story,0,WEAK,27,DEEP,5,COMPLIANT,3,GOOD,1,links,True,True,True,True,True,True,True,True
story-humor-committee-to-save-yourself.html,story,0,WEAK,24,DEEP,5,COMPLIANT,3,GOOD,1,links,True,True,True,True,True,True,True,True
story-humor-the-man-who-sued-god.html,story,0,WEAK,29,DEEP,5,COMPLIANT,3,GOOD,1,links,True,True,True,True,True,True,True,True
story-surgeon-stone-heart.html,story,0,WEAK,33,DEEP,5,COMPLIANT,3,GOOD,1,links,True,True,True,True,True,True,True,True
story-tender-the-gardener-who-waited.html,story,0,WEAK,28,DEEP,5,COMPLIANT,3,GOOD,1,links,True,True,True,True,True,True,True,True
story-the-kings-banquet.html,story,0,WEAK,28,DEEP,5,COMPLIANT,3,GOOD,1,links,True,True,True,True,True,True,True,True
story-the-orphanage.html,story,0,WEAK,43,DEEP,5,COMPLIANT,3,GOOD,1,links,True,True,True,True,True,True,True,True
story-thought-the-day-you-chose-again.html,story,0,WEAK,29,DEEP,5,COMPLIANT,3,GOOD,1,links,True,True,True,True,True,True,True,True
story-thought-the-god-who-let-you-watch.html,story,0,WEAK,27,DEEP,5,COMPLIANT,3,GOOD,1,links,True,True,True,True,True,True,True,True
theologian-boston.html,theologian,0,WEAK,42,DEEP,5,COMPLIANT,3,GOOD,1,links,True,True,True,True,True,True,True,True
theologian-bunyan.html,theologian,0,WEAK,49,DEEP,5,COMPLIANT,3,GOOD,1,links,True,True,True,True,True,True,True,True
theologian-whitefield.html,theologian,0,WEAK,37,DEEP,5,COMPLIANT,3,GOOD,1,links,True,True,True,True,True,True,True,True
compare-grace-reformed-vs-arminian.html,compare,28,STRONG,34,DEEP,5,COMPLIANT,3,GOOD,0,,True,True,True,True,True,True,True,True
question-book-of-life.html,question,27,STRONG,32,DEEP,5,COMPLIANT,3,GOOD,0,,True,True,True,True,True,True,True,True
question-was-christ-a-robot.html,question,24,STRONG,38,DEEP,5,COMPLIANT,3,GOOD,0,,True,True,True,True,True,True,True,True
objection-fairness.html,objection,18,STRONG,31,DEEP,5,COMPLIANT,3,GOOD,0,,True,True,True,True,True,True,True,True
demolition-cut-off-from-root.html,demolition,16,STRONG,28,DEEP,5,COMPLIANT,3,GOOD,0,,True,True,True,True,True,True,True,True
devotional-chosen-before-you-were-broken.html,devotional,16,STRONG,21,DEEP,5,COMPLIANT,3,GOOD,0,,True,True,True,True,True,True,True,True
broken-mirror-performance-treadmill.html,broken,14,STRONG,33,DEEP,5,COMPLIANT,3,GOOD,0,,True,True,True,True,True,True,True,True
psychology-anosognosia-of-sin.html,psychology,11,OK,23,DEEP,5,COMPLIANT,3,GOOD,0,,True,True,True,True,True,True,True,True
analogy-song-you-didnt-compose.html,analogy,10,OK,19,MODERATE,5,COMPLIANT,3,GOOD,0,,True,True,True,True,True,True,True,True
broken-mirror-imposter-syndrome.html,broken,10,OK,25,DEEP,5,COMPLIANT,3,GOOD,0,,True,True,True,True,True,True,True,True
demolition-children-of-satan.html,demolition,10,OK,31,DEEP,5,COMPLIANT,3,GOOD,0,,True,True,True,True,True,True,True,True
ot-abel-cain.html,ot,10,OK,44,DEEP,5,COMPLIANT,3,GOOD,0,,True,True,True,True,True,True,True,True
philosophy-infinite-regress-of-choice.html,philosophy,10,OK,23,DEEP,5,COMPLIANT,3,GOOD,0,,True,True,True,True,True,True,True,True
question-does-god-choose-who-goes-to-heaven.html,question,10,OK,23,DEEP,5,COMPLIANT,3,GOOD,0,,True,True,True,True,True,True,True,True
romans-8-28-39.html,romans,10,OK,33,DEEP,5,COMPLIANT,3,GOOD,0,,True,True,True,True,True,True,True,True
question-bible-says-sick.html,question,9,OK,30,DEEP,5,COMPLIANT,3,GOOD,0,,True,True,True,True,True,True,True,True
invisible-wall-marriage.html,invisible,8,OK,27,DEEP,5,COMPLIANT,3,GOOD,0,,True,True,True,True,True,True,True,True
